{"stats":{"minecraft:crafted":{"minecraft:cherry_planks":164,"minecraft:oak_planks":36,"minecraft:crafting_table":1,"minecraft:ladder":141,"minecraft:stick":328,"minecraft:furnace":1},"minecraft:mined":{"minecraft:pink_petals":2,"minecraft:iron_ore":15,"minecraft:cherry_log":49,"minecraft:andesite":28,"minecraft:granite":7,"minecraft:short_grass":2,"minecraft:coal_ore":14,"minecraft:grass_block":3,"minecraft:oak_log":9,"minecraft:cherry_leaves":2,"minecraft:dirt":38,"minecraft:cobblestone":10,"minecraft:stone":157,"minecraft:oak_leaves":4,"minecraft:wall_torch":6,"minecraft:deepslate":16,"minecraft:spawner":1},"minecraft:custom":{"minecraft:time_since_rest":22188,"minecraft:interact_with_furnace":2,"minecraft:sprint_one_cm":99050,"minecraft:damage_taken":1157,"minecraft:walk_one_cm":63853,"minecraft:mob_kills":12,"minecraft:drop":1,"minecraft:damage_dealt":2723,"minecraft:swim_one_cm":10211,"minecraft:interact_with_crafting_table":2,"minecraft:fly_one_cm":199374,"minecraft:open_chest":2,"minecraft:crouch_one_cm":2773,"minecraft:play_time":31153,"minecraft:sneak_time":1427,"minecraft:walk_under_water_one_cm":5260,"minecraft:jump":722,"minecraft:walk_on_water_one_cm":1440,"minecraft:time_since_death":31153,"minecraft:sleep_in_bed":1,"minecraft:climb_one_cm":11126,"minecraft:total_world_time":31153,"minecraft:fall_one_cm":25433},"minecraft:used":{"minecraft:cherry_sapling":1,"minecraft:iron_shovel":40,"minecraft:iron_axe":67,"minecraft:bread":23,"minecraft:ladder":62,"minecraft:iron_pickaxe":250,"minecraft:iron_sword":50,"minecraft:torch":7,"minecraft:pink_petals":4,"minecraft:dirt":19,"minecraft:cobblestone":20,"minecraft:crafting_table":1,"minecraft:furnace":1,"minecraft:andesite":20,"minecraft:cherry_log":8},"minecraft:dropped":{"minecraft:egg":1},"minecraft:broken":{"minecraft:iron_pickaxe":1},"minecraft:killed":{"minecraft:cave_spider":4,"minecraft:zombie":4,"minecraft:creeper":2},"minecraft:picked_up":{"minecraft:pink_petals":7,"minecraft:stick":1,"minecraft:raw_iron":15,"minecraft:andesite":29,"minecraft:torch":7,"minecraft:gravel":3,"minecraft:oak_log":9,"minecraft:cherry_log":49,"minecraft:diorite":2,"minecraft:gunpowder":2,"minecraft:spider_eye":1,"minecraft:string":1,"minecraft:dirt":41,"minecraft:bone":2,"minecraft:arrow":1,"minecraft:rotten_flesh":2,"minecraft:cobbled_deepslate":16,"minecraft:granite":7,"minecraft:cherry_sapling":1,"minecraft:oak_planks":3,"minecraft:rail":4,"minecraft:coal":14,"minecraft:cobblestone":178,"minecraft:egg":1}},"DataVersion":3700}