{"stats":{"minecraft:crafted":{"minecraft:cherry_planks":164,"minecraft:ladder":141,"minecraft:stick":328},"minecraft:mined":{"minecraft:pink_petals":2,"minecraft:iron_ore":2,"minecraft:cherry_log":49,"minecraft:andesite":28,"minecraft:granite":7,"minecraft:short_grass":2,"minecraft:coal_ore":14,"minecraft:grass_block":3,"minecraft:oak_log":9,"minecraft:cherry_leaves":2,"minecraft:dirt":38,"minecraft:cobblestone":3,"minecraft:stone":89,"minecraft:oak_leaves":4},"minecraft:custom":{"minecraft:time_since_rest":10188,"minecraft:interact_with_furnace":1,"minecraft:sprint_one_cm":55451,"minecraft:damage_taken":106,"minecraft:walk_one_cm":21137,"minecraft:drop":1,"minecraft:damage_dealt":10,"minecraft:swim_one_cm":10211,"minecraft:interact_with_crafting_table":1,"minecraft:fly_one_cm":183576,"minecraft:open_chest":2,"minecraft:crouch_one_cm":803,"minecraft:play_time":19153,"minecraft:sneak_time":623,"minecraft:walk_under_water_one_cm":5260,"minecraft:jump":595,"minecraft:walk_on_water_one_cm":1440,"minecraft:time_since_death":19153,"minecraft:sleep_in_bed":1,"minecraft:climb_one_cm":1802,"minecraft:total_world_time":19153,"minecraft:fall_one_cm":23308},"minecraft:used":{"minecraft:cherry_sapling":1,"minecraft:iron_shovel":40,"minecraft:iron_axe":66,"minecraft:bread":5,"minecraft:ladder":20,"minecraft:iron_pickaxe":143,"minecraft:torch":1,"minecraft:pink_petals":4,"minecraft:dirt":19,"minecraft:cobblestone":3,"minecraft:andesite":20,"minecraft:cherry_log":8},"minecraft:dropped":{"minecraft:egg":1},"minecraft:picked_up":{"minecraft:pink_petals":7,"minecraft:stick":1,"minecraft:raw_iron":2,"minecraft:andesite":28,"minecraft:torch":1,"minecraft:oak_log":9,"minecraft:cherry_log":49,"minecraft:dirt":35,"minecraft:granite":7,"minecraft:cherry_sapling":1,"minecraft:coal":14,"minecraft:cobblestone":91,"minecraft:egg":1}},"DataVersion":3700}