{"stats":{"minecraft:mined":{"minecraft:tuff":45,"minecraft:deepslate_diamond_ore":4,"minecraft:cherry_log":49,"minecraft:granite":7,"minecraft:short_grass":2,"minecraft:grass_block":3,"minecraft:chest":1,"minecraft:cobblestone":12,"minecraft:wall_torch":7,"minecraft:spawner":1,"minecraft:pink_petals":2,"minecraft:iron_ore":21,"minecraft:cobbled_deepslate":8,"minecraft:andesite":28,"minecraft:oak_log":9,"minecraft:coal_ore":14,"minecraft:cherry_leaves":2,"minecraft:gravel":17,"minecraft:dirt":38,"minecraft:cobweb":1,"minecraft:stone":158,"minecraft:oak_leaves":4,"minecraft:deepslate":144},"minecraft:custom":{"minecraft:interact_with_furnace":19,"minecraft:mob_kills":28,"minecraft:interact_with_crafting_table":6,"minecraft:time_since_death":12689,"minecraft:sleep_in_bed":1,"minecraft:climb_one_cm":14152,"minecraft:time_since_rest":12729,"minecraft:sprint_one_cm":127895,"minecraft:damage_taken":2123,"minecraft:walk_one_cm":107080,"minecraft:damage_blocked_by_shield":120,"minecraft:drop":17,"minecraft:damage_dealt":5672,"minecraft:swim_one_cm":10211,"minecraft:fly_one_cm":238235,"minecraft:open_chest":8,"minecraft:crouch_one_cm":3997,"minecraft:play_time":49153,"minecraft:deaths":1,"minecraft:sneak_time":1799,"minecraft:walk_under_water_one_cm":5260,"minecraft:jump":966,"minecraft:walk_on_water_one_cm":1589,"minecraft:total_world_time":49153,"minecraft:fall_one_cm":34716},"minecraft:crafted":{"minecraft:cherry_planks":164,"minecraft:oak_planks":36,"minecraft:crafting_table":1,"minecraft:furnace":1,"minecraft:air":0,"minecraft:iron_chestplate":1,"minecraft:shield":1,"minecraft:ladder":141,"minecraft:stick":332,"minecraft:iron_ingot":15,"minecraft:iron_pickaxe":1,"minecraft:chest":3},"minecraft:used":{"minecraft:golden_boots":1,"minecraft:cherry_sapling":1,"minecraft:diorite":2,"minecraft:iron_shovel":43,"minecraft:ladder":91,"minecraft:chest":4,"minecraft:shield":4,"minecraft:iron_sword":109,"minecraft:rotten_flesh":4,"minecraft:torch":8,"minecraft:dirt":19,"minecraft:crafting_table":1,"minecraft:tuff":4,"minecraft:iron_axe":67,"minecraft:bread":37,"minecraft:iron_pickaxe":445,"minecraft:gravel":3,"minecraft:stone_axe":1,"minecraft:pink_petals":4,"minecraft:cobblestone":37,"minecraft:furnace":1,"minecraft:andesite":20,"minecraft:cobbled_deepslate":10,"minecraft:cherry_log":8},"minecraft:dropped":{"minecraft:gravel":2,"minecraft:raw_copper":2,"minecraft:tuff":22,"minecraft:pointed_dripstone":14,"minecraft:cobblestone":21,"minecraft:granite":7,"minecraft:diorite":2,"minecraft:andesite":18,"minecraft:spider_eye":4,"minecraft:egg":1},"minecraft:killed_by":{"minecraft:zombie":1},"minecraft:broken":{"minecraft:iron_pickaxe":1},"minecraft:killed":{"minecraft:cave_spider":10,"minecraft:zombie_villager":1,"minecraft:creeper":2,"minecraft:zombie":13},"minecraft:picked_up":{"minecraft:pink_petals":7,"minecraft:iron_chestplate":1,"minecraft:ladder":79,"minecraft:andesite":47,"minecraft:flint":2,"minecraft:tuff":56,"minecraft:oak_log":9,"minecraft:golden_boots":1,"minecraft:gunpowder":4,"minecraft:dirt":63,"minecraft:string":16,"minecraft:raw_copper":2,"minecraft:bone":4,"minecraft:cobbled_deepslate":157,"minecraft:iron_pickaxe":1,"minecraft:chest":1,"minecraft:iron_sword":1,"minecraft:oak_planks":30,"minecraft:egg":1,"minecraft:stick":3,"minecraft:raw_iron":20,"minecraft:torch":72,"minecraft:gravel":20,"minecraft:cherry_log":49,"minecraft:pointed_dripstone":14,"minecraft:diorite":6,"minecraft:spider_eye":6,"minecraft:arrow":2,"minecraft:rotten_flesh":15,"minecraft:diamond":4,"minecraft:granite":14,"minecraft:cherry_sapling":1,"minecraft:bread":63,"minecraft:coal":26,"minecraft:cobblestone":346,"minecraft:rail":4}},"DataVersion":3700}