{"stats":{"minecraft:custom":{"minecraft:jump":290,"minecraft:open_chest":1,"minecraft:time_since_rest":7153,"minecraft:damage_taken":40,"minecraft:interact_with_furnace":1,"minecraft:sprint_one_cm":25786,"minecraft:play_time":7153,"minecraft:walk_on_water_one_cm":333,"minecraft:time_since_death":7153,"minecraft:walk_one_cm":5831,"minecraft:sneak_time":5,"minecraft:total_world_time":7153,"minecraft:walk_under_water_one_cm":585,"minecraft:swim_one_cm":10211,"minecraft:drop":1,"minecraft:fall_one_cm":10700,"minecraft:fly_one_cm":103227},"minecraft:used":{"minecraft:bread":3},"minecraft:dropped":{"minecraft:egg":1},"minecraft:picked_up":{"minecraft:egg":1}},"DataVersion":3700}