{"stats":{"minecraft:mined":{"minecraft:white_bed":2,"minecraft:crafting_table":1,"minecraft:torch":2,"minecraft:granite":13,"minecraft:short_grass":6,"minecraft:grass_block":3,"minecraft:tall_grass":7,"minecraft:lapis_ore":1,"minecraft:diorite":42,"minecraft:wall_torch":1,"minecraft:pink_petals":23,"minecraft:hay_block":38,"minecraft:birch_log":45,"minecraft:fire":1,"minecraft:birch_leaves":1,"minecraft:andesite":14,"minecraft:yellow_bed":2,"minecraft:oak_log":16,"minecraft:coal_ore":24,"minecraft:deepslate_iron_ore":9,"minecraft:dirt":4,"minecraft:stone":200,"minecraft:oak_leaves":1},"minecraft:crafted":{"minecraft:oak_planks":44,"minecraft:crafting_table":2,"minecraft:wooden_pickaxe":1,"minecraft:iron_sword":1,"minecraft:furnace":1,"minecraft:stone_axe":1,"minecraft:cooked_mutton":4,"minecraft:air":0,"minecraft:oak_boat":1,"minecraft:charcoal":17,"minecraft:stick":20,"minecraft:iron_ingot":9,"minecraft:iron_pickaxe":1,"minecraft:stone_pickaxe":3,"minecraft:stone_sword":1,"minecraft:white_bed":1,"minecraft:torch":8},"minecraft:custom":{"minecraft:interact_with_furnace":13,"minecraft:mob_kills":32,"minecraft:interact_with_crafting_table":11,"minecraft:time_since_death":3100,"minecraft:sleep_in_bed":3,"minecraft:time_since_rest":3133,"minecraft:sprint_one_cm":111913,"minecraft:damage_taken":240,"minecraft:walk_one_cm":88699,"minecraft:drop":5,"minecraft:damage_dealt":3080,"minecraft:talked_to_villager":1,"minecraft:swim_one_cm":23584,"minecraft:fly_one_cm":233774,"minecraft:open_chest":2,"minecraft:crouch_one_cm":697,"minecraft:play_time":53219,"minecraft:deaths":1,"minecraft:sneak_time":302,"minecraft:walk_under_water_one_cm":3191,"minecraft:boat_one_cm":11663,"minecraft:jump":1069,"minecraft:walk_on_water_one_cm":3981,"minecraft:total_world_time":53219,"minecraft:fall_one_cm":27320},"minecraft:used":{"minecraft:cooked_mutton":4,"minecraft:diorite":20,"minecraft:stone_sword":14,"minecraft:stone_pickaxe":249,"minecraft:wooden_pickaxe":59,"minecraft:iron_sword":50,"minecraft:torch":4,"minecraft:crafting_table":2,"minecraft:white_bed":3,"minecraft:granite":13,"minecraft:stone_axe":52,"minecraft:pink_petals":9,"minecraft:cobblestone":1,"minecraft:furnace":1,"minecraft:andesite":5,"minecraft:yellow_bed":1,"minecraft:oak_boat":1},"minecraft:dropped":{"minecraft:stone_sword":1,"minecraft:light_gray_wool":1,"minecraft:andesite":9,"minecraft:brown_wool":1,"minecraft:stone_pickaxe":1},"minecraft:broken":{"minecraft:stone_pickaxe":1,"minecraft:wooden_pickaxe":1},"minecraft:killed":{"minecraft:pig":10,"minecraft:sheep":21,"minecraft:enderman":1},"minecraft:picked_up":{"minecraft:birch_log":73,"minecraft:pink_petals":73,"minecraft:charcoal":10,"minecraft:crafting_table":2,"minecraft:andesite":23,"minecraft:brown_wool":2,"minecraft:potato":3,"minecraft:oak_log":21,"minecraft:yellow_bed":2,"minecraft:lapis_lazuli":8,"minecraft:dirt":14,"minecraft:apple":4,"minecraft:iron_ingot":4,"minecraft:stone_pickaxe":2,"minecraft:iron_pickaxe":1,"minecraft:light_gray_wool":2,"minecraft:oak_planks":14,"minecraft:iron_sword":1,"minecraft:stick":5,"minecraft:raw_iron":9,"minecraft:torch":10,"minecraft:porkchop":42,"minecraft:diorite":64,"minecraft:white_bed":2,"minecraft:stone_sword":1,"minecraft:stone_axe":1,"minecraft:hay_block":76,"minecraft:granite":13,"minecraft:cherry_sapling":1,"minecraft:bread":4,"minecraft:black_wool":6,"minecraft:mutton":62,"minecraft:coal":48,"minecraft:white_wool":29,"minecraft:cobblestone":377,"minecraft:ender_pearl":2}},"DataVersion":3700}