{"stats":{"minecraft:crafted":{"minecraft:oak_planks":44,"minecraft:crafting_table":1,"minecraft:stick":4,"minecraft:wooden_pickaxe":1},"minecraft:mined":{"minecraft:grass_block":2,"minecraft:oak_log":11,"minecraft:dirt":4,"minecraft:stone":28,"minecraft:oak_leaves":1},"minecraft:custom":{"minecraft:time_since_rest":5219,"minecraft:crouch_one_cm":39,"minecraft:play_time":5219,"minecraft:sprint_one_cm":4062,"minecraft:walk_one_cm":4730,"minecraft:sneak_time":26,"minecraft:walk_under_water_one_cm":448,"minecraft:jump":66,"minecraft:time_since_death":5219,"minecraft:walk_on_water_one_cm":471,"minecraft:total_world_time":5219,"minecraft:swim_one_cm":1948,"minecraft:interact_with_crafting_table":1,"minecraft:fall_one_cm":2206,"minecraft:fly_one_cm":19991},"minecraft:used":{"minecraft:crafting_table":1,"minecraft:wooden_pickaxe":28},"minecraft:picked_up":{"minecraft:oak_log":11,"minecraft:dirt":6,"minecraft:cobblestone":28}},"DataVersion":3700}