{"stats":{"minecraft:mined":{"minecraft:birch_log":45,"minecraft:birch_leaves":1,"minecraft:coal_ore":24,"minecraft:grass_block":2,"minecraft:oak_log":11,"minecraft:dirt":4,"minecraft:stone":100,"minecraft:oak_leaves":1},"minecraft:crafted":{"minecraft:oak_planks":44,"minecraft:charcoal":4,"minecraft:crafting_table":1,"minecraft:stick":12,"minecraft:wooden_pickaxe":1,"minecraft:stone_pickaxe":1,"minecraft:stone_sword":1,"minecraft:furnace":1,"minecraft:white_bed":1,"minecraft:torch":8,"minecraft:stone_axe":1},"minecraft:custom":{"minecraft:time_since_rest":4929,"minecraft:interact_with_furnace":6,"minecraft:sprint_one_cm":20117,"minecraft:walk_one_cm":24490,"minecraft:mob_kills":3,"minecraft:damage_dealt":240,"minecraft:swim_one_cm":7247,"minecraft:interact_with_crafting_table":7,"minecraft:fly_one_cm":53213,"minecraft:crouch_one_cm":106,"minecraft:play_time":17219,"minecraft:sneak_time":112,"minecraft:walk_under_water_one_cm":975,"minecraft:jump":229,"minecraft:walk_on_water_one_cm":885,"minecraft:time_since_death":17219,"minecraft:sleep_in_bed":1,"minecraft:total_world_time":17219,"minecraft:fall_one_cm":7512},"minecraft:used":{"minecraft:stone_sword":6,"minecraft:stone_pickaxe":65,"minecraft:wooden_pickaxe":59,"minecraft:stone_axe":46,"minecraft:crafting_table":1,"minecraft:furnace":1,"minecraft:white_bed":1},"minecraft:broken":{"minecraft:wooden_pickaxe":1},"minecraft:killed":{"minecraft:sheep":3},"minecraft:picked_up":{"minecraft:birch_log":45,"minecraft:oak_log":11,"minecraft:dirt":6,"minecraft:mutton":4,"minecraft:coal":23,"minecraft:white_wool":3,"minecraft:cobblestone":99}},"DataVersion":3700}