{"stats":{"minecraft:crafted":{"minecraft:oak_planks":44,"minecraft:charcoal":17,"minecraft:crafting_table":1,"minecraft:stick":20,"minecraft:iron_pickaxe":1,"minecraft:iron_ingot":9,"minecraft:wooden_pickaxe":1,"minecraft:stone_pickaxe":3,"minecraft:stone_sword":1,"minecraft:iron_sword":1,"minecraft:furnace":1,"minecraft:white_bed":1,"minecraft:torch":8,"minecraft:stone_axe":1,"minecraft:cooked_mutton":4,"minecraft:air":0},"minecraft:mined":{"minecraft:white_bed":1,"minecraft:birch_log":45,"minecraft:andesite":14,"minecraft:birch_leaves":1,"minecraft:granite":13,"minecraft:short_grass":2,"minecraft:coal_ore":24,"minecraft:grass_block":3,"minecraft:oak_log":11,"minecraft:deepslate_iron_ore":9,"minecraft:dirt":4,"minecraft:tall_grass":4,"minecraft:lapis_ore":1,"minecraft:stone":200,"minecraft:diorite":42,"minecraft:wall_torch":1,"minecraft:oak_leaves":1},"minecraft:custom":{"minecraft:time_since_rest":10193,"minecraft:interact_with_furnace":13,"minecraft:sprint_one_cm":58029,"minecraft:damage_taken":30,"minecraft:walk_one_cm":63845,"minecraft:mob_kills":19,"minecraft:damage_dealt":1880,"minecraft:swim_one_cm":16938,"minecraft:interact_with_crafting_table":10,"minecraft:fly_one_cm":118914,"minecraft:crouch_one_cm":697,"minecraft:play_time":41219,"minecraft:sneak_time":291,"minecraft:walk_under_water_one_cm":2126,"minecraft:jump":626,"minecraft:walk_on_water_one_cm":3411,"minecraft:time_since_death":41219,"minecraft:sleep_in_bed":2,"minecraft:total_world_time":41219,"minecraft:fall_one_cm":15270},"minecraft:used":{"minecraft:cooked_mutton":2,"minecraft:diorite":20,"minecraft:stone_sword":14,"minecraft:stone_pickaxe":249,"minecraft:wooden_pickaxe":59,"minecraft:iron_sword":19,"minecraft:torch":2,"minecraft:stone_axe":46,"minecraft:cobblestone":1,"minecraft:crafting_table":1,"minecraft:furnace":1,"minecraft:andesite":5,"minecraft:white_bed":1,"minecraft:granite":13},"minecraft:broken":{"minecraft:stone_pickaxe":1,"minecraft:wooden_pickaxe":1},"minecraft:killed":{"minecraft:sheep":16,"minecraft:pig":2,"minecraft:enderman":1},"minecraft:picked_up":{"minecraft:birch_log":45,"minecraft:raw_iron":9,"minecraft:andesite":14,"minecraft:brown_wool":1,"minecraft:torch":1,"minecraft:porkchop":4,"minecraft:oak_log":11,"minecraft:diorite":42,"minecraft:white_bed":1,"minecraft:lapis_lazuli":4,"minecraft:dirt":7,"minecraft:granite":13,"minecraft:light_gray_wool":1,"minecraft:black_wool":3,"minecraft:mutton":26,"minecraft:coal":24,"minecraft:white_wool":11,"minecraft:cobblestone":200,"minecraft:ender_pearl":1}},"DataVersion":3700}