{"stats":{"minecraft:mined":{"minecraft:white_bed":2,"minecraft:crafting_table":1,"minecraft:torch":3,"minecraft:granite":13,"minecraft:short_grass":23,"minecraft:grass_block":7,"minecraft:tall_grass":7,"minecraft:lapis_ore":1,"minecraft:diorite":42,"minecraft:wall_torch":1,"minecraft:pink_petals":23,"minecraft:hay_block":38,"minecraft:birch_log":45,"minecraft:fire":1,"minecraft:birch_leaves":1,"minecraft:andesite":14,"minecraft:yellow_bed":2,"minecraft:oak_log":16,"minecraft:coal_ore":24,"minecraft:deepslate_iron_ore":9,"minecraft:dirt":4,"minecraft:stone":200,"minecraft:oak_leaves":1},"minecraft:crafted":{"minecraft:oak_planks":44,"minecraft:crafting_table":2,"minecraft:wooden_pickaxe":1,"minecraft:iron_sword":1,"minecraft:furnace":2,"minecraft:stone_axe":1,"minecraft:bread":114,"minecraft:cooked_mutton":4,"minecraft:air":0,"minecraft:oak_boat":1,"minecraft:charcoal":17,"minecraft:stick":20,"minecraft:iron_ingot":9,"minecraft:iron_pickaxe":1,"minecraft:stone_pickaxe":3,"minecraft:stone_sword":1,"minecraft:chest":1,"minecraft:white_bed":1,"minecraft:torch":8,"minecraft:wheat":342},"minecraft:custom":{"minecraft:interact_with_furnace":18,"minecraft:mob_kills":32,"minecraft:interact_with_crafting_table":16,"minecraft:leave_game":1,"minecraft:time_since_death":12820,"minecraft:sleep_in_bed":4,"minecraft:time_since_rest":5138,"minecraft:sprint_one_cm":128272,"minecraft:damage_taken":280,"minecraft:walk_one_cm":100510,"minecraft:drop":8,"minecraft:damage_dealt":3080,"minecraft:talked_to_villager":1,"minecraft:swim_one_cm":23584,"minecraft:fly_one_cm":290919,"minecraft:open_chest":13,"minecraft:crouch_one_cm":795,"minecraft:play_time":62939,"minecraft:deaths":1,"minecraft:sneak_time":331,"minecraft:walk_under_water_one_cm":3191,"minecraft:boat_one_cm":11663,"minecraft:jump":1277,"minecraft:walk_on_water_one_cm":3981,"minecraft:total_world_time":62939,"minecraft:fall_one_cm":40803},"minecraft:used":{"minecraft:cooked_mutton":4,"minecraft:cherry_sapling":1,"minecraft:diorite":20,"minecraft:stone_sword":14,"minecraft:stone_pickaxe":249,"minecraft:chest":1,"minecraft:wooden_pickaxe":59,"minecraft:iron_sword":50,"minecraft:torch":5,"minecraft:crafting_table":3,"minecraft:white_bed":3,"minecraft:granite":13,"minecraft:bread":3,"minecraft:stone_axe":52,"minecraft:pink_petals":17,"minecraft:cobblestone":1,"minecraft:furnace":2,"minecraft:andesite":5,"minecraft:yellow_bed":2,"minecraft:oak_boat":1},"minecraft:dropped":{"minecraft:wheat_seeds":3,"minecraft:stone_sword":1,"minecraft:light_gray_wool":1,"minecraft:andesite":9,"minecraft:brown_wool":1,"minecraft:stone_pickaxe":1},"minecraft:broken":{"minecraft:stone_pickaxe":1,"minecraft:wooden_pickaxe":1},"minecraft:killed":{"minecraft:pig":10,"minecraft:sheep":21,"minecraft:enderman":1},"minecraft:picked_up":{"minecraft:birch_log":73,"minecraft:pink_petals":73,"minecraft:charcoal":10,"minecraft:crafting_table":2,"minecraft:andesite":23,"minecraft:brown_wool":2,"minecraft:potato":3,"minecraft:oak_log":21,"minecraft:yellow_bed":2,"minecraft:lapis_lazuli":8,"minecraft:dirt":18,"minecraft:apple":4,"minecraft:wheat_seeds":3,"minecraft:iron_ingot":4,"minecraft:stone_pickaxe":2,"minecraft:iron_pickaxe":1,"minecraft:light_gray_wool":2,"minecraft:oak_planks":14,"minecraft:iron_sword":1,"minecraft:stick":5,"minecraft:raw_iron":9,"minecraft:torch":11,"minecraft:porkchop":42,"minecraft:diorite":64,"minecraft:white_bed":2,"minecraft:stone_sword":1,"minecraft:stone_axe":1,"minecraft:hay_block":76,"minecraft:granite":13,"minecraft:cherry_sapling":1,"minecraft:bread":4,"minecraft:black_wool":6,"minecraft:mutton":62,"minecraft:coal":48,"minecraft:white_wool":29,"minecraft:cobblestone":377,"minecraft:ender_pearl":2}},"DataVersion":3700}