{"stats":{"minecraft:mined":{"minecraft:birch_log":45,"minecraft:andesite":14,"minecraft:birch_leaves":1,"minecraft:granite":13,"minecraft:coal_ore":24,"minecraft:grass_block":2,"minecraft:oak_log":11,"minecraft:dirt":4,"minecraft:lapis_ore":1,"minecraft:stone":200,"minecraft:diorite":32,"minecraft:wall_torch":1,"minecraft:oak_leaves":1},"minecraft:crafted":{"minecraft:oak_planks":44,"minecraft:charcoal":17,"minecraft:crafting_table":1,"minecraft:stick":16,"minecraft:wooden_pickaxe":1,"minecraft:stone_pickaxe":3,"minecraft:stone_sword":1,"minecraft:furnace":1,"minecraft:white_bed":1,"minecraft:torch":8,"minecraft:stone_axe":1,"minecraft:air":0},"minecraft:custom":{"minecraft:time_since_rest":16929,"minecraft:interact_with_furnace":7,"minecraft:sprint_one_cm":21823,"minecraft:walk_one_cm":44270,"minecraft:mob_kills":3,"minecraft:damage_dealt":240,"minecraft:swim_one_cm":7247,"minecraft:interact_with_crafting_table":8,"minecraft:fly_one_cm":53377,"minecraft:crouch_one_cm":685,"minecraft:play_time":29219,"minecraft:sneak_time":267,"minecraft:walk_under_water_one_cm":975,"minecraft:jump":299,"minecraft:walk_on_water_one_cm":885,"minecraft:time_since_death":29219,"minecraft:sleep_in_bed":1,"minecraft:total_world_time":29219,"minecraft:fall_one_cm":7781},"minecraft:used":{"minecraft:diorite":4,"minecraft:stone_sword":6,"minecraft:stone_pickaxe":226,"minecraft:wooden_pickaxe":59,"minecraft:torch":2,"minecraft:stone_axe":46,"minecraft:cobblestone":1,"minecraft:crafting_table":1,"minecraft:furnace":1,"minecraft:andesite":5,"minecraft:white_bed":1,"minecraft:granite":13},"minecraft:broken":{"minecraft:stone_pickaxe":1,"minecraft:wooden_pickaxe":1},"minecraft:killed":{"minecraft:sheep":3},"minecraft:picked_up":{"minecraft:birch_log":45,"minecraft:andesite":14,"minecraft:torch":1,"minecraft:oak_log":11,"minecraft:diorite":32,"minecraft:lapis_lazuli":4,"minecraft:dirt":6,"minecraft:granite":13,"minecraft:mutton":4,"minecraft:coal":24,"minecraft:white_wool":3,"minecraft:cobblestone":200}},"DataVersion":3700}