{"stats":{"minecraft:mined":{"minecraft:deepslate_redstone_ore":2,"minecraft:tuff":30,"minecraft:redstone_ore":1,"minecraft:white_bed":1,"minecraft:deepslate_diamond_ore":46,"minecraft:iron_ore":6,"minecraft:cobbled_deepslate":16,"minecraft:cherry_log":16,"minecraft:granite":2,"minecraft:coal_ore":16,"minecraft:poppy":1,"minecraft:deepslate_iron_ore":36,"minecraft:cherry_leaves":1,"minecraft:tall_grass":2,"minecraft:deepslate_coal_ore":10,"minecraft:stone":11,"minecraft:sugar_cane":3,"minecraft:diorite":47,"minecraft:deepslate":251},"minecraft:crafted":{"minecraft:cherry_planks":64,"minecraft:red_dye":1,"minecraft:cooked_porkchop":21,"minecraft:stick":4,"minecraft:iron_pickaxe":1,"minecraft:stone_pickaxe":2,"minecraft:red_bed":1,"minecraft:air":0},"minecraft:custom":{"minecraft:time_since_rest":16083,"minecraft:interact_with_furnace":12,"minecraft:sprint_one_cm":44774,"minecraft:damage_taken":865,"minecraft:walk_one_cm":78946,"minecraft:mob_kills":1,"minecraft:drop":1,"minecraft:damage_dealt":67,"minecraft:talked_to_villager":1,"minecraft:swim_one_cm":8608,"minecraft:interact_with_crafting_table":4,"minecraft:fly_one_cm":74343,"minecraft:open_chest":8,"minecraft:crouch_one_cm":1005,"minecraft:play_time":31910,"minecraft:deaths":2,"minecraft:sneak_time":533,"minecraft:walk_under_water_one_cm":567,"minecraft:jump":377,"minecraft:leave_game":1,"minecraft:walk_on_water_one_cm":610,"minecraft:time_since_death":15612,"minecraft:climb_one_cm":8606,"minecraft:total_world_time":31910,"minecraft:fall_one_cm":10953},"minecraft:used":{"minecraft:diorite":27,"minecraft:stone_pickaxe":262,"minecraft:iron_pickaxe":212,"minecraft:red_bed":1,"minecraft:cooked_porkchop":1,"minecraft:cobbled_deepslate":41},"minecraft:dropped":{"minecraft:stone_pickaxe":1},"minecraft:killed_by":{"minecraft:spider":1},"minecraft:broken":{"minecraft:stone_pickaxe":2},"minecraft:picked_up":{"minecraft:raw_iron":76,"minecraft:cooked_porkchop":10,"minecraft:tuff":41,"minecraft:cherry_log":16,"minecraft:diorite":47,"minecraft:white_bed":1,"minecraft:redstone":13,"minecraft:rotten_flesh":4,"minecraft:diamond":46,"minecraft:cobbled_deepslate":281,"minecraft:granite":2,"minecraft:stone_pickaxe":3,"minecraft:poppy":1,"minecraft:sugar_cane":4,"minecraft:coal":26,"minecraft:cobblestone":19}},"DataVersion":3700}