{"stats":{"minecraft:mined":{"minecraft:tuff":11,"minecraft:white_bed":1,"minecraft:iron_ore":4,"minecraft:cobbled_deepslate":3,"minecraft:cherry_log":16,"minecraft:poppy":1,"minecraft:deepslate_iron_ore":30,"minecraft:cherry_leaves":1,"minecraft:tall_grass":1,"minecraft:stone":6,"minecraft:sugar_cane":3,"minecraft:deepslate":43},"minecraft:crafted":{"minecraft:cherry_planks":64,"minecraft:red_dye":1,"minecraft:cooked_porkchop":11,"minecraft:stone_pickaxe":2,"minecraft:red_bed":1},"minecraft:custom":{"minecraft:time_since_rest":399,"minecraft:interact_with_furnace":6,"minecraft:sprint_one_cm":37728,"minecraft:damage_taken":845,"minecraft:walk_one_cm":30738,"minecraft:mob_kills":1,"minecraft:damage_dealt":67,"minecraft:talked_to_villager":1,"minecraft:swim_one_cm":8608,"minecraft:interact_with_crafting_table":2,"minecraft:fly_one_cm":69058,"minecraft:open_chest":5,"minecraft:crouch_one_cm":409,"minecraft:play_time":16226,"minecraft:deaths":2,"minecraft:sneak_time":171,"minecraft:walk_under_water_one_cm":567,"minecraft:jump":307,"minecraft:leave_game":1,"minecraft:walk_on_water_one_cm":610,"minecraft:time_since_death":0,"minecraft:climb_one_cm":8590,"minecraft:total_world_time":16226,"minecraft:fall_one_cm":10744},"minecraft:used":{"minecraft:stone_pickaxe":97,"minecraft:red_bed":1,"minecraft:cooked_porkchop":1,"minecraft:cobbled_deepslate":32},"minecraft:killed_by":{"minecraft:spider":1},"minecraft:picked_up":{"minecraft:raw_iron":34,"minecraft:tuff":11,"minecraft:cherry_log":16,"minecraft:white_bed":1,"minecraft:rotten_flesh":2,"minecraft:cobbled_deepslate":46,"minecraft:poppy":1,"minecraft:sugar_cane":4,"minecraft:cobblestone":8}},"DataVersion":3700}