{"stats":{"minecraft:mined":{"minecraft:white_bed":1},"minecraft:custom":{"minecraft:jump":80,"minecraft:time_since_rest":3424,"minecraft:damage_dealt":26,"minecraft:crouch_one_cm":107,"minecraft:damage_taken":110,"minecraft:sprint_one_cm":10399,"minecraft:play_time":3424,"minecraft:walk_on_water_one_cm":449,"minecraft:time_since_death":3424,"minecraft:walk_one_cm":4560,"minecraft:sneak_time":100,"minecraft:climb_one_cm":2066,"minecraft:total_world_time":3424,"minecraft:walk_under_water_one_cm":567,"minecraft:swim_one_cm":8608,"minecraft:talked_to_villager":1,"minecraft:fall_one_cm":836,"minecraft:fly_one_cm":20687},"minecraft:picked_up":{"minecraft:white_bed":1}},"DataVersion":3700}